{"train_loss": [3.907624037359275, 0.6507757738524792, 0.5639143491492552, 0.44256621657633316, 0.4727284046949125, 0.3658008133663851, 0.28677607368604807, 0.2644908501821406, 0.1932478595013712, 0.23297227401943768, 0.18031480110743467, 0.08453120928184658, 0.043901640192295116, 0.01692335941627914, 0.007120775495765402, 0.004248743517525202, 0.001833479446199193, 0.001102810849689002, 0.0007415446041348189, 0.0005370684495360098], "train_accuracy": [0.6188725490196079, 0.7321078431372549, 0.7975490196078432, 0.8323529411764706, 0.8343137254901961, 0.9174019607843137, 0.9308823529411765, 0.9436274509803921, 0.942156862745098, 0.9480392156862745, 0.9627450980392157, 0.9754901960784313, 0.9950980392156863, 0.9987745098039216, 0.9992647058823529, 0.9997549019607843, 0.9997549019607843, 1.0, 1.0, 1.0], "train_precision": [0.5758248730964467, 0.6959966638865721, 0.7577958137548056, 0.7893607893607893, 0.7695669447755265, 0.9291497975708503, 0.9123881300047103, 0.9592460519612838, 0.9771640998406798, 0.9845662586482171, 0.9644444444444444, 0.988377968671046, 0.9921760391198045, 0.9975466143277724, 0.9985265225933202, 0.9995083579154376, 0.9995083579154376, 1.0, 1.0, 1.0], "train_recall": [0.8927693064436792, 0.8209542547958681, 0.8726020659124447, 0.9050664043285784, 0.9527791441219872, 0.9030988686669946, 0.9527791441219872, 0.926217412690605, 0.9050664043285784, 0.9099852434825382, 0.9606492867683227, 0.9621249385145105, 0.9980324643384161, 1.0, 1.0, 1.0, 1.0, 1.0, 1.0, 1.0], "train_f1": [0.7000964320154291, 0.7533288196795305, 0.8111568358481939, 0.843263061411549, 0.8514285714285714, 0.9159391369418809, 0.9321462945139557, 0.9424424424424426, 0.9397344228804902, 0.9458077709611452, 0.9625431246919666, 0.975074775672981, 0.9950956351152527, 0.9987718005404077, 0.9992627181125584, 0.9997541185148758, 0.9997541185148758, 1.0, 1.0, 1.0], "eval_accuracy": [0.6294117647058823, 0.6715686274509803, 0.6745098039215687, 0.6549019607843137, 0.6480392156862745, 0.6647058823529411, 0.6813725490196079, 0.6666666666666666, 0.6323529411764706, 0.6568627450980392, 0.634313725490196, 0.6166666666666667, 0.6274509803921569, 0.6323529411764706, 0.6421568627450981, 0.6411764705882353, 0.6421568627450981, 0.6431372549019608, 0.6421568627450981, 0.6431372549019608], "eval_precision": [0.5883100381194409, 0.649671052631579, 0.6513911620294599, 0.6328502415458938, 0.6131805157593123, 0.6746506986027944, 0.6678321678321678, 0.6847599164926931, 0.6621004566210046, 0.7012048192771084, 0.6445783132530121, 0.6425339366515838, 0.6266173752310537, 0.6295620437956204, 0.6258278145695364, 0.6466019417475728, 0.6484375, 0.6479690522243714, 0.6472868217054264, 0.6479690522243714], "eval_recall": [0.8955512572533849, 0.7640232108317214, 0.769825918762089, 0.7601547388781431, 0.8278529980657641, 0.6537717601547389, 0.7388781431334622, 0.6344294003868471, 0.5609284332688588, 0.562862669245648, 0.620889748549323, 0.5493230174081238, 0.655705996131528, 0.6673114119922631, 0.7311411992263056, 0.6441005802707931, 0.6421663442940039, 0.6479690522243714, 0.6460348162475822, 0.6479690522243714], "eval_f1": [0.7101226993865031, 0.7022222222222222, 0.7056737588652481, 0.6906854130052723, 0.7045267489711935, 0.6640471512770137, 0.7015610651974288, 0.6586345381526104, 0.6073298429319371, 0.6244635193133048, 0.632512315270936, 0.5922836287799792, 0.6408317580340265, 0.6478873239436619, 0.6743978590544156, 0.6453488372093024, 0.6452866861030127, 0.6479690522243714, 0.6466602129719264, 0.6479690522243714]}