{"train_loss": [1.9849144311512217, 0.606288682011997, 0.5884648500704298, 0.5659830481398339, 0.5478751626669192, 0.5238088437155182, 0.47165214805042044, 0.44317026255177516, 0.4257549797787386, 0.3976051162270939, 0.35948248061479304, 0.3322127313006158, 0.3526324259884217, 0.2720761395552579, 0.2391827582728629, 0.24729736149311066, 0.254109597790475, 0.17262388759968328, 0.12814478134992077, 0.09977800179930295], "train_accuracy": [0.657843137254902, 0.7046568627450981, 0.6997549019607843, 0.7389705882352942, 0.7509803921568627, 0.7732843137254902, 0.8046568627450981, 0.8026960784313726, 0.817156862745098, 0.8394607843137255, 0.8580882352941176, 0.8191176470588235, 0.8620098039215687, 0.9012254901960784, 0.9068627450980392, 0.9129901960784313, 0.9343137254901961, 0.9272058823529412, 0.9365196078431373, 0.971078431372549], "train_precision": [0.7606907894736842, 0.7402446126965637, 0.8108108108108109, 0.7345649003403014, 0.7749457700650759, 0.7814569536423841, 0.8, 0.8643664485425342, 0.8862815884476535, 0.8678437667201712, 0.8772750910036401, 0.8576965669988926, 0.9184255561893896, 0.930651138168343, 0.9411764705882353, 0.9185407296351824, 0.9223394055608821, 0.8983908045977012, 0.9469964664310954, 0.9681684622918707], "train_recall": [0.45566502463054187, 0.6261083743842365, 0.5172413793103449, 0.7443349753694581, 0.7039408866995074, 0.7556650246305419, 0.8098522167487685, 0.7157635467980296, 0.725615763546798, 0.7990147783251231, 0.8310344827586207, 0.7630541871921183, 0.7931034482758621, 0.8660098522167488, 0.8669950738916257, 0.9054187192118227, 0.9477832512315271, 0.9625615763546798, 0.9241379310344827, 0.9738916256157636], "train_f1": [0.569932224276032, 0.6784093941820123, 0.631578947368421, 0.7394176657695131, 0.7377387712958183, 0.7683446030553468, 0.8048959608323134, 0.7830773376448398, 0.7979414951245938, 0.8320082072326238, 0.8535289653427777, 0.8076120959332639, 0.8511763150938407, 0.8971676448073487, 0.9025641025641026, 0.9119325229471594, 0.93488824101069, 0.9293697978596908, 0.9354275741710296, 0.9710216110019647], "eval_accuracy": [0.6549019607843137, 0.6862745098039216, 0.6745098039215687, 0.7147058823529412, 0.7254901960784313, 0.734313725490196, 0.7421568627450981, 0.7421568627450981, 0.7392156862745098, 0.7450980392156863, 0.7372549019607844, 0.711764705882353, 0.711764705882353, 0.7382352941176471, 0.7441176470588236, 0.7333333333333333, 0.7264705882352941, 0.7147058823529412, 0.7254901960784313, 0.7215686274509804], "eval_precision": [0.7727272727272727, 0.7380952380952381, 0.8012820512820513, 0.7313131313131314, 0.7702702702702703, 0.7621052631578947, 0.7585513078470825, 0.8096385542168675, 0.8159203980099502, 0.7888888888888889, 0.7680851063829788, 0.7533632286995515, 0.7742718446601942, 0.7804878048780488, 0.7990762124711316, 0.7683982683982684, 0.7277882797731569, 0.7093235831809872, 0.7690582959641256, 0.7478991596638656], "eval_recall": [0.4576923076923077, 0.5961538461538461, 0.4807692307692308, 0.6961538461538461, 0.6576923076923077, 0.6961538461538461, 0.725, 0.6461538461538462, 0.6307692307692307, 0.6826923076923077, 0.6942307692307692, 0.6461538461538462, 0.6134615384615385, 0.676923076923077, 0.6653846153846154, 0.6826923076923077, 0.7403846153846154, 0.7461538461538462, 0.6596153846153846, 0.6846153846153846], "eval_f1": [0.5748792270531401, 0.6595744680851063, 0.6009615384615384, 0.7133004926108374, 0.7095435684647302, 0.7276381909547738, 0.7413962635201573, 0.718716577540107, 0.7114967462039045, 0.7319587628865979, 0.7292929292929293, 0.6956521739130435, 0.684549356223176, 0.7250257466529351, 0.7261280167890871, 0.7230142566191445, 0.7340324118207816, 0.7272727272727273, 0.7101449275362318, 0.7148594377510039]}