{"train_loss": [1.7326182187772265, 0.628046002107508, 0.571897647076962, 0.5331975302275489, 0.468337136740778, 0.4031924398506389, 0.3471996278155084, 0.27420380904394037, 0.23324243741876938, 0.17511245517754087, 0.19788328324462853, 0.1223604694154917, 0.09312515203274932, 0.09973459842742659, 0.06499033496514255, 0.047157341519407196, 0.025451784153176726, 0.0231575996204115, 0.016516066677229223, 0.009149950072077999], "train_accuracy": [0.6230392156862745, 0.7095588235294118, 0.7144607843137255, 0.7772058823529412, 0.8294117647058824, 0.8495098039215686, 0.8649509803921569, 0.8637254901960785, 0.8083333333333333, 0.8181372549019608, 0.8982843137254902, 0.925, 0.9740196078431372, 0.9732843137254902, 0.9825980392156862, 0.9791666666666666, 0.9916666666666667, 0.984313725490196, 0.9987745098039216, 0.9992647058823529], "train_precision": [0.7112211221122112, 0.7056585829766999, 0.657866571530503, 0.8085451595457004, 0.8220742150333016, 0.8659531090723751, 0.8320779796189632, 0.8497191011235955, 0.7358630952380952, 0.7434847356664185, 0.8410513141426783, 0.872331340734415, 0.9709302325581395, 0.9918905220476432, 0.9915548931942375, 0.9663028001898434, 0.9926686217008798, 0.9746653919694073, 0.9985372988785958, 0.9985387238188017], "train_recall": [0.42048780487804877, 0.7239024390243902, 0.8995121951219512, 0.7292682926829268, 0.8429268292682927, 0.828780487804878, 0.9160975609756098, 0.8853658536585366, 0.9648780487804878, 0.9741463414634146, 0.9834146341463414, 0.9965853658536585, 0.9775609756097561, 0.9546341463414634, 0.9736585365853658, 0.9931707317073171, 0.9907317073170732, 0.9946341463414634, 0.9990243902439024, 1.0], "train_f1": [0.528510116492949, 0.7146640982422345, 0.7599423037296517, 0.7668632982816106, 0.8323699421965318, 0.8469591226321037, 0.8720687253308568, 0.8671763019589106, 0.8349514563106796, 0.8433277027027026, 0.9066786597706319, 0.9303278688524591, 0.9742343218279047, 0.972905791697738, 0.9825252276642874, 0.9795525619437093, 0.99169921875, 0.9845485272815065, 0.9987807851743477, 0.9992688276870583], "eval_accuracy": [0.6254901960784314, 0.6901960784313725, 0.692156862745098, 0.7156862745098039, 0.7205882352941176, 0.7323529411764705, 0.7107843137254902, 0.6911764705882353, 0.6362745098039215, 0.653921568627451, 0.6892156862745098, 0.6676470588235294, 0.6882352941176471, 0.696078431372549, 0.692156862745098, 0.6931372549019608, 0.7019607843137254, 0.6833333333333333, 0.6980392156862745, 0.6970588235294117], "eval_precision": [0.6867088607594937, 0.6803921568627451, 0.6355685131195336, 0.7323008849557522, 0.7095516569200779, 0.7420042643923241, 0.6853526220614828, 0.6782273603082851, 0.5907172995780591, 0.6036671368124118, 0.6450079239302694, 0.6192592592592593, 0.6716981132075471, 0.7461139896373057, 0.7152777777777778, 0.6609294320137694, 0.696, 0.6629834254143646, 0.6882352941176471, 0.6937119675456389], "eval_recall": [0.434, 0.694, 0.872, 0.662, 0.728, 0.696, 0.758, 0.704, 0.84, 0.856, 0.814, 0.836, 0.712, 0.576, 0.618, 0.768, 0.696, 0.72, 0.702, 0.684], "eval_f1": [0.5318627450980392, 0.6871287128712871, 0.7352445193929175, 0.6953781512605043, 0.7186574531095755, 0.718266253869969, 0.7198480531813867, 0.6908734052993131, 0.6936416184971098, 0.7080231596360629, 0.7197170645446508, 0.7114893617021277, 0.69126213592233, 0.6501128668171557, 0.6630901287553648, 0.7104532839962998, 0.696, 0.6903163950143816, 0.695049504950495, 0.6888217522658612]}