{"train_loss": [5.222322136748071, 0.8753924617580339, 0.7431829627822427, 0.6546387303109262, 0.611746723277896, 0.550525586979062, 0.5295414765675862, 0.503050371946073, 0.4838021392915763, 0.4758299041028116, 0.43259910473636554, 0.41835814317067466, 0.4129011537514481, 0.38846922154520075, 0.3810582603894028, 0.3657329846830929, 0.34627715057017755, 0.3184221999317992, 0.3243030140212938, 0.2985669797542048], "train_accuracy": [0.6448529411764706, 0.6686274509803921, 0.6622549019607843, 0.7169117647058824, 0.7544117647058823, 0.7120098039215687, 0.6769607843137255, 0.7360294117647059, 0.700735294117647, 0.7637254901960784, 0.6014705882352941, 0.8267156862745098, 0.6367647058823529, 0.8061274509803922, 0.7754901960784314, 0.7867647058823529, 0.5772058823529411, 0.5784313725490197, 0.7705882352941177, 0.8482843137254902], "train_precision": [0.7324281150159745, 0.6640889318511358, 0.6145212206243423, 0.684654300168634, 0.7389688806316768, 0.8508196721311475, 0.7836117740652346, 0.776361529548088, 0.7376760563380281, 0.7024667931688805, 0.8449744463373083, 0.8107981220657277, 0.891583452211127, 0.8414096916299559, 0.8571428571428571, 0.7540481400437636, 0.5409748259239422, 0.541789841440473, 0.6947705442902882, 0.8118374558303887], "train_recall": [0.45150172328902016, 0.6765140324963073, 0.8626292466765141, 0.7996061053668144, 0.7833579517479075, 0.5110782865583456, 0.48498276710979815, 0.6597735105859183, 0.6189069423929099, 0.9113737075332349, 0.24421467257508617, 0.8503200393894633, 0.30773018217626785, 0.7523387493845396, 0.6587887740029542, 0.8483505662235352, 0.9945839487936977, 0.9926144756277696, 0.9615952732644018, 0.9049729197439685], "train_f1": [0.55863539445629, 0.6702439024390244, 0.7177386317083163, 0.7376788553259142, 0.7605162523900574, 0.6385727468471241, 0.5991484184914843, 0.7133351077987756, 0.6730923694779116, 0.793399057008144, 0.3789152024446142, 0.830088920932468, 0.4575402635431918, 0.7943852352482454, 0.7449888641425388, 0.7984244670991658, 0.7007805724197745, 0.7009735744089013, 0.8066914498141265, 0.8558789289871944], "eval_accuracy": [0.6019607843137255, 0.6039215686274509, 0.6009803921568627, 0.6480392156862745, 0.6803921568627451, 0.6696078431372549, 0.6441176470588236, 0.6813725490196079, 0.6460784313725491, 0.7058823529411765, 0.592156862745098, 0.7892156862745098, 0.6264705882352941, 0.7627450980392156, 0.7284313725490196, 0.7323529411764705, 0.5686274509803921, 0.5637254901960784, 0.7009803921568627, 0.7705882352941177], "eval_precision": [0.677115987460815, 0.6120857699805068, 0.5748663101604278, 0.6286173633440515, 0.6726296958855098, 0.8116438356164384, 0.76, 0.7224770642201835, 0.6820276497695853, 0.658465991316932, 0.8652482269503546, 0.7814814814814814, 0.9058823529411765, 0.8112359550561797, 0.8151041666666666, 0.7077702702702703, 0.5415352260778128, 0.5390295358649789, 0.6442048517520216, 0.7419354838709677], "eval_recall": [0.4161849710982659, 0.605009633911368, 0.8285163776493256, 0.7533718689788054, 0.7244701348747592, 0.45664739884393063, 0.4393063583815029, 0.6069364161849711, 0.5703275529865125, 0.8766859344894027, 0.2350674373795761, 0.8131021194605009, 0.29672447013487474, 0.6955684007707129, 0.603082851637765, 0.8073217726396917, 0.9922928709055877, 0.9845857418111753, 0.9210019267822736, 0.8420038535645472], "eval_f1": [0.5155131264916468, 0.6085271317829457, 0.6787687450670876, 0.6853637160385627, 0.6975881261595548, 0.6844636251541308, 0.6567765567765568, 0.6596858638743456, 0.621196222455404, 0.6520661157024793, 0.6696969696969697, 0.7069782813975448, 0.64702467343976776, 0.6489626556016598, 0.6932447397563677, 0.7042754275427543, 0.7006802721088435, 0.6966598500340833, 0.6781284694686756, 0.6488086642599278]}