{"train_loss": [1.077634163463817, 0.6289585847480624, 0.6116535591144188, 0.5793450491101134, 0.5684666521408979, 0.5524954050194983, 0.5259655358744603, 0.5120903639232411, 0.47535084100330577, 0.43459063335960985, 0.38708328522887886, 0.353548747067358, 0.3186548617540621, 0.27793478848887426, 0.294124455370155, 0.27462238681082635, 0.26896619498729707, 0.226440436816683, 0.1891977029688218, 0.17753465444433922], "train_accuracy": [0.6509803921568628, 0.691421568627451, 0.6708333333333333, 0.7044117647058824, 0.6779411764705883, 0.7075980392156863, 0.6955882352941176, 0.7409313725490196, 0.7776960784313726, 0.7973039215686275, 0.8107843137254902, 0.8063725490196079, 0.8259803921568627, 0.8247549019607843, 0.7975490196078432, 0.8161764705882353, 0.8377450980392157, 0.7909313725490196, 0.8504901960784313, 0.9134803921568627], "train_precision": [0.634589800443459, 0.7154017857142857, 0.6213832039520113, 0.690179806362379, 0.6268128758401132, 0.6569288389513108, 0.6455182589450388, 0.6906812842599843, 0.7552225249772934, 0.7510425354462051, 0.7643847123057539, 0.7426671881110677, 0.7840860215053763, 0.7730290456431536, 0.7284793325748957, 0.7462514417531718, 0.7685366810513927, 0.7108088761632069, 0.7922665569724393, 0.8880666049953746], "train_recall": [0.7045790251107829, 0.6312161496799606, 0.8670605612998523, 0.7370753323485968, 0.8724766125061546, 0.8636139832594781, 0.8616445100935499, 0.8685376661742984, 0.8188084687346134, 0.8867552929591335, 0.896110290497292, 0.9350073855243722, 0.897587395371738, 0.9172821270310192, 0.9458394879369768, 0.9556868537666174, 0.9645494830132939, 0.9778434268833087, 0.948301329394387, 0.9453471196454948], "train_f1": [0.6677554829678022, 0.670677478420089, 0.7239465570400823, 0.712857142857143, 0.7295183202964183, 0.7462242076154009, 0.7380851961197806, 0.7694656488549617, 0.785731159933853, 0.8132761345676226, 0.8250226654578422, 0.8278116826503923, 0.8370064279155188, 0.8390002251745103, 0.8230505569837189, 0.8380829015544041, 0.8554585152838429, 0.8232124352331606, 0.8632900044822949, 0.9158120677319341], "eval_accuracy": [0.6215686274509804, 0.6431372549019608, 0.615686274509804, 0.6666666666666666, 0.6264705882352941, 0.6372549019607843, 0.6313725490196078, 0.6460784313725491, 0.6735294117647059, 0.6705882352941176, 0.6852941176470588, 0.6754901960784314, 0.6892156862745098, 0.6725490196078432, 0.6676470588235294, 0.6784313725490196, 0.6696078431372549, 0.6588235294117647, 0.6588235294117647, 0.6647058823529411], "eval_precision": [0.6144578313253012, 0.6666666666666666, 0.5859269282814614, 0.663023679417122, 0.5955678670360111, 0.6084425036390102, 0.6019971469329529, 0.6193353474320241, 0.6637323943661971, 0.6478190630048465, 0.6601941747572816, 0.6386430678466076, 0.6677740863787376, 0.6456692913385826, 0.6296829971181557, 0.6362339514978602, 0.6318840579710145, 0.610608020698577, 0.631336405529954, 0.6518010291595198], "eval_recall": [0.6878612716763006, 0.5973025048169557, 0.8342967244701349, 0.7013487475915221, 0.8285163776493256, 0.8053949903660886, 0.8131021194605009, 0.789980732177264, 0.7263969171483622, 0.7726396917148363, 0.7861271676300579, 0.8342967244701349, 0.7745664739884393, 0.789980732177264, 0.8420038535645472, 0.859344894026975, 0.8400770712909441, 0.9094412331406551, 0.791907514450867, 0.7321772639691715], "eval_f1": [0.6490909090909092, 0.6300813008130082, 0.6883942766295708, 0.6816479400749064, 0.6929895245769541, 0.6932006633499171, 0.6918032786885246, 0.6943268416596104, 0.6936522539098434, 0.7047451669595781, 0.7176781002638521, 0.7234753550543024, 0.7172167707404105, 0.7105719237435009, 0.7205276174773289, 0.7311475409836067, 0.7212572373862696, 0.7306501547987616, 0.7025641025641025, 0.6896551724137931]}