{"train_loss": [0.7396854239351609, 0.6566738000103072, 0.6245319368792516, 0.6040837005072949, 0.5721508345183204, 0.5457755676671571, 0.5188598389719047, 0.4724191131545048, 0.43943456049058954, 0.4088762560311486, 0.386019183140175, 0.3417223174198001, 0.32397281574267967, 0.29133346846290664, 0.26916433391617794, 0.27023885904573924, 0.22970968338788725, 0.17871199469355975, 0.15781376706618888, 0.1571885065120809], "train_accuracy": [0.5666666666666667, 0.6605392156862745, 0.6644607843137255, 0.691421568627451, 0.725735294117647, 0.7004901960784313, 0.7666666666666667, 0.7808823529411765, 0.8105392156862745, 0.8169117647058823, 0.8325980392156863, 0.8426470588235294, 0.8627450980392157, 0.878921568627451, 0.8762254901960784, 0.8855392156862745, 0.9088235294117647, 0.9296568627450981, 0.9166666666666666, 0.9291666666666667], "train_precision": [0.5391895888790299, 0.6398963730569949, 0.6325878594249201, 0.6715425531914894, 0.7405263157894737, 0.6528458349038824, 0.754592557701366, 0.7961518460738429, 0.768542199488491, 0.7941445562671546, 0.8099173553719008, 0.7978586723768737, 0.8392445877475817, 0.9030906233630173, 0.8812375249500998, 0.8954545454545455, 0.8766439909297052, 0.9149239543726235, 0.8946386946386946, 0.9308300395256917], "train_recall": [0.896704377766847, 0.7289719626168224, 0.7791441219872111, 0.7452041318248893, 0.692080668962125, 0.8519429414658141, 0.7879980324643384, 0.7530742744712248, 0.8868666994589277, 0.853910477127398, 0.867683226758485, 0.9163797343826857, 0.8962124938514511, 0.8480078701426463, 0.8686669945892769, 0.8721101819970487, 0.9508116084604034, 0.9468765371372356, 0.9439252336448598, 0.926709296606001], "train_f1": [0.6734392316217215, 0.6815359852839734, 0.6982587612960106, 0.7064583819072046, 0.715484363081617, 0.7392232180964575, 0.7709335899903754, 0.7740141557128412, 0.8234756793788536, 0.8229438255510785, 0.837805746853479, 0.8530219780219781, 0.8667935299714558, 0.8746829020801623, 0.8749071092395342, 0.8836282083229504, 0.9122227465785747, 0.9306260575296108, 0.9186213499281953, 0.9287650973625831], "eval_accuracy": [0.5774509803921568, 0.6637254901960784, 0.6607843137254902, 0.6852941176470588, 0.7068627450980393, 0.6892156862745098, 0.7215686274509804, 0.7264705882352941, 0.7313725490196078, 0.7254901960784313, 0.7284313725490196, 0.7323529411764705, 0.7284313725490196, 0.7058823529411765, 0.703921568627451, 0.703921568627451, 0.7098039215686275, 0.7088235294117647, 0.7225490196078431, 0.6970588235294117], "eval_precision": [0.5509478672985783, 0.6445182724252492, 0.6317411402157165, 0.6666666666666666, 0.7270833333333333, 0.6497005988023952, 0.7169459962756052, 0.7468879668049793, 0.7048903878583473, 0.716636197440585, 0.7158273381294964, 0.6974110032362459, 0.717391304347826, 0.7313432835820896, 0.718052738336714, 0.7216494845360825, 0.6869712351945855, 0.7, 0.7142857142857143, 0.6992337164750958], "eval_recall": [0.8994197292069632, 0.7504835589941973, 0.793036750483559, 0.758220502901354, 0.6750483558994197, 0.839458413926499, 0.7446808510638298, 0.6963249516441006, 0.8085106382978723, 0.758220502901354, 0.769825918762089, 0.8336557059961315, 0.7659574468085106, 0.6634429400386848, 0.6847195357833655, 0.6769825918762089, 0.7852998065764023, 0.7446808510638298, 0.7543520309477756, 0.7059961315280464], "eval_f1": [0.6833210874357091, 0.6934763181411976, 0.7032590051457976, 0.709502262443439, 0.7001003009027081, 0.7324894514767931, 0.730550284629981, 0.7207207207207207, 0.7531531531531531, 0.736842105263158, 0.7418452935694315, 0.7594713656387666, 0.7408793264733395, 0.695740365111562, 0.700990099009901, 0.6986027944111777, 0.7328519855595669, 0.7216494845360825, 0.7337723424270931, 0.7025986525505293]}