{"train_loss": [0.6536071592686223, 0.5932068149248759, 0.5266464856325411, 0.4818798383076986, 0.45475851729804395, 0.4296008925811917, 0.3929212527532204, 0.3774751508352803, 0.35304080037509694, 0.31882156361551844, 0.2862494739247303, 0.29469273417603736, 0.28574730426657435, 0.22694843279964783, 0.15749619062624726, 0.12921341391755084, 0.13755958918847289, 0.1535749870772455, 0.11292343759069255, 0.08160085181395213], "train_accuracy": [0.6953431372549019, 0.7338235294117647, 0.7524509803921569, 0.7781862745098039, 0.796813725490196, 0.8115196078431373, 0.8362745098039216, 0.8514705882352941, 0.8536764705882353, 0.8659313725490196, 0.8830882352941176, 0.8754901960784314, 0.8816176470588235, 0.9227941176470589, 0.9416666666666667, 0.9433823529411764, 0.9227941176470589, 0.9490196078431372, 0.9563725490196079, 0.875], "train_precision": [0.6711206896551725, 0.7032920051303976, 0.8467251856853477, 0.8333333333333334, 0.7572402044293015, 0.834741288278775, 0.8578149503397805, 0.8783712321523004, 0.8908794788273615, 0.8856107660455487, 0.929042904290429, 0.8202764976958525, 0.9450171821305842, 0.8833481745325023, 0.9559047136340598, 0.9737670514165793, 0.9512578616352201, 0.9287388654477262, 0.9808587687532333, 0.9916291049581455], "train_recall": [0.7643593519882179, 0.8075601374570447, 0.6156111929307806, 0.6946489936180658, 0.872852233676976, 0.7761413843888071, 0.8055964653902798, 0.8154148257241041, 0.8055964653902798, 0.8399607265586647, 0.8291605301914581, 0.9612174766813942, 0.8100147275405007, 0.9739813451153657, 0.9258713794796269, 0.9111438389788905, 0.8910162002945509, 0.9725085910652921, 0.930780559646539, 0.7560137457044673], "train_f1": [0.7147119577691072, 0.7518281535648995, 0.7129050596930074, 0.7576974564926373, 0.8109464082098062, 0.8043754769778682, 0.8308860759493671, 0.8457230142566192, 0.8460943542150039, 0.8621819098009574, 0.8762645914396887, 0.8851717902350814, 0.8723235527359239, 0.9264534204996498, 0.9406483790523691, 0.9414151661171696, 0.920152091254753, 0.9501199040767387, 0.9551637279596977, 0.8579387186629526], "eval_accuracy": [0.6882352941176471, 0.7323529411764705, 0.7362745098039216, 0.7843137254901961, 0.7843137254901961, 0.8029411764705883, 0.807843137254902, 0.8029411764705883, 0.803921568627451, 0.7901960784313725, 0.7892156862745098, 0.7794117647058824, 0.7803921568627451, 0.7803921568627451, 0.792156862745098, 0.7764705882352941, 0.7529411764705882, 0.7666666666666667, 0.7607843137254902, 0.7176470588235294], "eval_precision": [0.671957671957672, 0.7127659574468085, 0.8262032085561497, 0.8352402745995423, 0.7453936348408711, 0.825, 0.8336842105263158, 0.8362068965517241, 0.832271762208068, 0.8134171907756813, 0.8371040723981901, 0.7424242424242424, 0.8465227817745803, 0.7539543057996485, 0.8337028824833703, 0.8400954653937948, 0.7932584269662921, 0.763915547024952, 0.8164705882352942, 0.8548895899053628], "eval_recall": [0.7426900584795322, 0.783625730994152, 0.6023391812865497, 0.7115009746588694, 0.8674463937621832, 0.7719298245614035, 0.7719298245614035, 0.7563352826510721, 0.7641325536062378, 0.7563352826510721, 0.7212475633528265, 0.8596491228070176, 0.6881091617933723, 0.8362573099415205, 0.732943469785575, 0.6861598440545809, 0.6881091617933723, 0.7758284600389863, 0.6764132553606238, 0.5282651072124757], "eval_f1": [0.7055555555555556, 0.7465181058495821, 0.6967305524239008, 0.768421052631579, 0.8018018018018018, 0.797583081570997, 0.8016194331983806, 0.7942681678607983, 0.7967479674796748, 0.7838383838383838, 0.774869109947644, 0.7967479674796748, 0.7591397849462365, 0.7929759704251386, 0.7800829875518672, 0.7553648068669527, 0.7369519832985387, 0.769825918762089, 0.7398720682302772, 0.6530120481927711]}