{"train_loss": [0.6644395363097098, 0.6031200808637283, 0.557559659317428, 0.516798251282935, 0.4691618396955378, 0.44645637285475637, 0.42460394279629576, 0.39316919235622183], "train_accuracy": [0.6948529411764706, 0.7215686274509804, 0.7524509803921569, 0.7732843137254902, 0.803186274509804, 0.8161764705882353, 0.828921568627451, 0.8428921568627451], "train_precision": [0.6926070038910506, 0.691947166595654, 0.7407407407407407, 0.7330259849119866, 0.7954980842911877, 0.8033946251768034, 0.780948384389425, 0.7789768185451639], "train_recall": [0.6990672557682867, 0.7972508591065293, 0.7756504663721159, 0.8586156111929307, 0.8154148257241041, 0.8365243004418262, 0.9135984290623466, 0.9567992145311733], "train_f1": [0.6958221353530417, 0.740875912408759, 0.7577937649880095, 0.7908659281030974, 0.8053333333333332, 0.8196248196248197, 0.8420814479638009, 0.8587794668429171], "eval_accuracy": [0.6733760292772186, 0.6889295516925892, 0.7227813357731016, 0.7387923147301007, 0.7506861848124429, 0.7502287282708143, 0.7465690759377859, 0.7488563586459286], "eval_precision": [0.6666666666666666, 0.6602017067494181, 0.7086546700942588, 0.6998468606431854, 0.7395104895104895, 0.7397020157756354, 0.7061973986228003, 0.6976744186046512], "eval_recall": [0.6935041171088746, 0.7785910338517841, 0.7566331198536139, 0.8362305580969808, 0.7740164684354987, 0.7721866422689845, 0.8444647758462946, 0.8783165599268069], "eval_f1": [0.6798206278026905, 0.7145256087321579, 0.7318584070796459, 0.7619841600666944, 0.7563701385784534, 0.7555953446732319, 0.7691666666666667, 0.7776427703523693]}