{"train_loss": [0.6576006447567659, 0.6140067832142699, 0.5995172582420648, 0.5877627681283389, 0.5767290423898136, 0.5654357456693462, 0.5532489276399799, 0.5396122050051596, 0.523587639542187, 0.5075173813922732, 0.49134529840712454, 0.47600391752579635, 0.4600338734832464, 0.4444305611591713, 0.42890793260406046, 0.4137705198690003, 0.40063213448898466, 0.38735571714008554, 0.37447616679995666, 0.36163961373123465], "train_accuracy": [0.6737745098039216, 0.6830882352941177, 0.6965686274509804, 0.7080882352941177, 0.7151960784313726, 0.7294117647058823, 0.7365196078431373, 0.7436274509803922, 0.7524509803921569, 0.7723039215686275, 0.7870098039215686, 0.8004901960784314, 0.8061274509803922, 0.8181372549019608, 0.8291666666666667, 0.8401960784313726, 0.8468137254901961, 0.8558823529411764, 0.8632352941176471, 0.8720588235294118], "train_precision": [0.6619266055045872, 0.6921487603305785, 0.7062467733608673, 0.7214659685863875, 0.7286983795086251, 0.7512116316639742, 0.7608459869848156, 0.7697332607512248, 0.7762237762237763, 0.784394250513347, 0.7834951456310679, 0.7829708468301713, 0.7791218637992832, 0.786631252766711, 0.804268846503179, 0.8237494156147732, 0.8299065420560747, 0.8352614530310042, 0.84, 0.8454172366621067], "train_recall": [0.7083946980854198, 0.6578301423662248, 0.6715758468335787, 0.676485027000491, 0.6843397152675503, 0.6848306332842415, 0.6887579774177712, 0.6941580756013745, 0.7083946980854198, 0.7501227295041728, 0.792341678939617, 0.8306332842415317, 0.8537064310260186, 0.8723613156602847, 0.8694158075601375, 0.8649975454099166, 0.8718703976435935, 0.8861070201276386, 0.8969072164948454, 0.9101620029455081], "train_f1": [0.6843727768555845, 0.6745532343317393, 0.6884750880724709, 0.6982518368381049, 0.7058227848101265, 0.7164869029275809, 0.7230095336253544, 0.7299948373773878, 0.7407597535934292, 0.7668757841907152, 0.7878935806687821, 0.806098141972368, 0.8147107050831576, 0.8272811918063314, 0.8355744279311158, 0.8438697318007663, 0.8503710797222888, 0.8599333015721772, 0.8675213675213675, 0.8765957446808511], "eval_accuracy": [0.657843137254902, 0.6774509803921569, 0.6784313725490196, 0.6754901960784314, 0.6931372549019608, 0.6901960784313725, 0.7019607843137254, 0.703921568627451, 0.7088235294117647, 0.7068627450980393, 0.7068627450980393, 0.7176470588235294, 0.7205882352941176, 0.7245098039215686, 0.7303921568627451, 0.7421568627450981, 0.7450980392156863, 0.7490196078431373, 0.7549019607843137, 0.7617647058823529], "eval_precision": [0.6518518518518519, 0.6924686192468619, 0.6907216494845361, 0.6887966804979253, 0.7100840336134454, 0.7136659436008677, 0.7276688453159041, 0.734966592427617, 0.7410714285714286, 0.7247899159663865, 0.7098039215686275, 0.7087198515769945, 0.708029197080292, 0.7101449275362319, 0.7195571955719557, 0.7376425855513308, 0.7373358348968105, 0.7410881801125704, 0.7439703153988868, 0.7472527472527473], "eval_recall": [0.6861598440545809, 0.645224171539961, 0.6530214424951267, 0.6471734892787524, 0.6588693957115009, 0.6413255360623782, 0.6510721247563352, 0.6432748538011696, 0.6471734892787524, 0.672514619883041, 0.7056530214424951, 0.7446393762183235, 0.7563352826510721, 0.7641325536062378, 0.7602339181286549, 0.7563352826510721, 0.7660818713450293, 0.7699805068226121, 0.7816764132553606, 0.7953216374269005], "eval_f1": [0.6685660018993352, 0.6680121089808275, 0.6713426853707415, 0.6673366834170854, 0.6835187057633973, 0.675564681724846, 0.6872427983539094, 0.6860706860706861, 0.6909469302809573, 0.6976744186046511, 0.7077223851417399, 0.726235741444867, 0.7213854853911403, 0.7261502347417841, 0.7293364928909951, 0.7268719923002887, 0.721434034416826, 0.7212581261950287, 0.7123574144486692, 0.7005382436260624]}