{"train_loss": [0.6576548700239144, 0.5830482125282288, 0.5238309049138836, 0.49126001725009844, 0.4626764062572928, 0.42356632690803675, 0.39792994751649746, 0.38259505863283194], "train_accuracy": [0.6990196078431372, 0.7313725490196078, 0.671078431372549, 0.7875, 0.8125, 0.7926470588235294, 0.8541666666666666, 0.8588235294117647], "train_precision": [0.7121052631578947, 0.6944444444444444, 0.6088735053492763, 0.7460986925347954, 0.8212658227848101, 0.7228057014253564, 0.8245376635092467, 0.8634097706879362], "train_recall": [0.6651917404129793, 0.8235004916420846, 0.9513274336283186, 0.8697148475909537, 0.7974434611602753, 0.9473942969518191, 0.8987217305801377, 0.8515240904621436], "train_f1": [0.6878495170310117, 0.7534862798020692, 0.7425172678434383, 0.8031782065834279, 0.8091793464704415, 0.8200000000000002, 0.8600329334274289, 0.8574257425742574], "eval_accuracy": [0.6806953339432754, 0.7063129002744739, 0.6555352241537054, 0.7392497712717292, 0.7447392497712717, 0.7140896614821592, 0.7511436413540714, 0.7612076852698993], "eval_precision": [0.6864966949952785, 0.6674090571640683, 0.5988372093023255, 0.7025561580170411, 0.7465437788018433, 0.6591836734693878, 0.725925925925926, 0.7607305936073059], "eval_recall": [0.6651418115279049, 0.8225068618481244, 0.9423604757548033, 0.8298261665141812, 0.7410795974382434, 0.8865507776761208, 0.8069533394327539, 0.7621225983531564], "eval_f1": [0.6756505576208179, 0.7368852459016394, 0.7323142552435122, 0.7409060402684564, 0.7438016528925618, 0.7461451424112369, 0.7482980935875218, 0.7514259597806216]}